index;nom_chaine;tvg_id_original;tvg_id_final;methode;groupe;logo
1;▼●★ --- |FR| TNT FHD |FR| --- ★●▼;;;unmapped;ⓘTV ║ FRANCE FHD;http://redpluslogo.net/LOGO/TV_FRANCE_HD/FLAG_FRANCE.png
2;FR | TF1 FHD;tf1.fr;tf1.fr;original;ⓘTV ║ FRANCE FHD;http://redpluslogo.net/LOGO/TV_FRANCE_FHD/TF1.png
3;FR | FRANCE 2 FHD;france2.fr;france2.fr;original;ⓘTV ║ FRANCE FHD;http://redpluslogo.net/LOGO/TV_FRANCE_FHD/FRANCE_2.png
4;FR | FRANCE 3 FHD;france3.fr;france3.fr;original;ⓘTV ║ FRANCE FHD;http://redpluslogo.net/LOGO/TV_FRANCE_FHD/FRANCE_3.png
5;FR | FRANCE 4 FHD;france4.fr;france4.fr;original;ⓘTV ║ FRANCE FHD;http://redpluslogo.net/LOGO/TV_FRANCE_FHD/FRANCE_4.png
6;FR | FRANCE 5 FHD;france5.fr;france5.fr;original;ⓘTV ║ FRANCE FHD;http://redpluslogo.net/LOGO/TV_FRANCE_FHD/FRANCE_5.png
7;FR | ARTE FHD;arte.fr;arte.fr;original;ⓘTV ║ FRANCE FHD;http://redpluslogo.net/LOGO/TV_FRANCE_FHD/ARTE.png
8;FR | M6 FHD;m6.fr;m6.fr;original;ⓘTV ║ FRANCE FHD;http://redpluslogo.net/LOGO/TV_FRANCE_FHD/M6.png
9;FR | M6 INTERNATIONAL FHD;m6.fr;m6.fr;original;ⓘTV ║ FRANCE FHD;http://redpluslogo.net/LOGO/TV_FRANCE_FHD/M6_INTERNATIONAL.png
10;FR | 6TER FHD;6ter.fr;6ter.fr;original;ⓘTV ║ FRANCE FHD;http://redpluslogo.net/LOGO/TV_FRANCE_FHD/6TER.png
11;FR | W9 FHD;w9.fr;w9.fr;original;ⓘTV ║ FRANCE FHD;http://redpluslogo.net/LOGO/TV_FRANCE_FHD/W9.png
12;FR | TFX FHD;tfx.fr;tfx.fr;original;ⓘTV ║ FRANCE FHD;http://redpluslogo.net/LOGO/TV_FRANCE_FHD/TFX.png
13;FR | TF1 SERIES-FILMS FHD;tf1seriesfilms.fr;tf1seriesfilms.fr;original;ⓘTV ║ FRANCE FHD;http://redpluslogo.net/LOGO/TV_FRANCE_FHD/TF1_SERIES_FILMS.png
14;FR | SECRET STORY FHD;;;unmapped;ⓘTV ║ FRANCE FHD;http://redpluslogo.net/LOGO/TV_FRANCE_FHD/SECRETSTORY.png
15;FR | CSTAR FHD;cstar.fr;cstar.fr;original;ⓘTV ║ FRANCE FHD;http://redpluslogo.net/LOGO/TV_FRANCE_FHD/CSTAR.png
16;FR | T18 FHD;t18.fr;t18.fr;original;ⓘTV ║ FRANCE FHD;https://redpluslogo.net/LOGO/TV_FRANCE_FHD/T18.png
17;FR | NOVO19 FHD;novo19.fr;novo19.fr;original;ⓘTV ║ FRANCE FHD;https://redpluslogo.net/LOGO/TV_FRANCE_FHD/novo_19.png
18;FR | TMC FHD;tmc.fr;tmc.fr;original;ⓘTV ║ FRANCE FHD;http://redpluslogo.net/LOGO/TV_FRANCE_FHD/TMC.png
19;FR | SQOOL TV FHD;;;unmapped;ⓘTV ║ FRANCE FHD;http://redpluslogo.net/LOGO/SQOOL_TV.png
20;FR | RMC STORY FHD;rmcstory.fr;rmcstory.fr;original;ⓘTV ║ FRANCE FHD;http://redpluslogo.net/LOGO/TV_FRANCE_FHD/RMC_STORY.png
21;FR | RMC LIFE FHD;cherie25.fr;cherie25.fr;original;ⓘTV ║ FRANCE FHD;http://redpluslogo.net/LOGO/TV_FRANCE_FHD/CHERIE_25.png
22;FR | UN VILLAGE FRANÇAIS;;;unmapped;ⓘTV ║ FRANCE PLUTO;http://redpluslogo.net/LOGO/PLUTO.png
23;FR | MUSEUM FHD;Museum.fr;Museum.fr;original;ⓘTV ║ FRANCE FHD;http://redpluslogo.net/LOGO/museumhd.png
24;FR | MARMITON TV FHD;;;unmapped;ⓘTV ║ FRANCE FHD;http://redpluslogo.net/LOGO/TV_FRANCE_FHD/MARMITON_TV.png
25;FR | FRANCE TV SERIES FHD;;;unmapped;ⓘTV ║ FRANCE FHD;http://redpluslogo.net/LOGO/TV_FRANCE_FHD/FRANCETVSERIES.png
26;FR | FRANCE TV DOCS FHD;;;unmapped;ⓘTV ║ FRANCE FHD;http://redpluslogo.net/LOGO/TV_FRANCE_FHD/100%25_DOCS.png
27;FR | ENQUETES DE CHOC FHD;;;unmapped;ⓘTV ║ FRANCE FHD;http://redpluslogo.net/LOGO/TV_FRANCE_FHD/enquetesdechoc.png
28;FR | ESPRIT SORCIER TV FHD;;;unmapped;ⓘTV ║ FRANCE FHD;http://redpluslogo.net/LOGO/TV_FRANCE_FHD/L%27ESPRIT_SORCIER_TV.png
29;FR | LUCKY JACK TV FHD;LuckyJack.fr;LuckyJack.fr;original;ⓘTV ║ FRANCE FHD;http://redpluslogo.net/LOGO/TV_FRANCE_FHD/LUCKY_JACK.png
30;FR | BRUT FHD;;;unmapped;ⓘTV ║ FRANCE FHD;http://redpluslogo.net/LOGO/BRUT.png
31;FR | LES SECRETS DE NOS RÉGIONS;;;unmapped;ⓘTV ║ FRANCE FHD;http://redpluslogo.net/LOGO/RAKUTEN.png
32;FR | UN SI GRAND SOLEIL;;;unmapped;ⓘTV ║ FRANCE PLUTO;http://redpluslogo.net/LOGO/PLUTO.png
33;▼●★ --- ||FR|| MYCANAL FHD ||FR|| --- ★●▼;;;unmapped;ⓘTV ║ FRANCE FHD;http://redpluslogo.net/LOGO/TV_FRANCE_HD/FLAG_FRANCE.png
34;FR | CANAL+ FHD;canalplus.fr;canalplus.fr;original;ⓘTV ║ FRANCE FHD;https://redpluslogo.net/LOGO/TV_FRANCE_HD/CANAL+.png
35;FR | CANAL+ CINEMA FHD;canalpluscinema.fr;canalpluscinema.fr;original;ⓘTV ║ FRANCE FHD;http://redpluslogo.net/LOGO/TV_FRANCE_FHD/CANAL+_CINEMA(S).png
36;FR | CANAL+ KIDS FHD;canalpluskids.fr;canalpluskids.fr;original;ⓘTV ║ FRANCE FHD;http://redpluslogo.net/LOGO/TV_FRANCE_FHD/CANAL+_KIDS.png
37;FR | CANAL+ DOCS FHD;canalplusdocs.fr;canalplusdocs.fr;original;ⓘTV ║ FRANCE FHD;http://redpluslogo.net/LOGO/TV_FRANCE_FHD/CANAL+_DOCS.png
38;FR | CANAL+ GRAND ECRAN FHD;canalplusgrandecran.fr;canalplusgrandecran.fr;original;ⓘTV ║ FRANCE FHD;http://redpluslogo.net/LOGO/TV_FRANCE_FHD/CANAL+_GRAND_ECRAN.png
39;FR | CANAL+ BOX OFFICE FHD;CanalPlusBoxOffice.fr;CanalPlusBoxOffice.fr;original;ⓘTV ║ FRANCE FHD;http://redpluslogo.net/LOGO/beinboxoffice.png
40;▼●★ --- ||FR|| ORANGE CINEMA ||FR|| --- ★●▼;;;unmapped;ⓘTV ║ FRANCE FHD;http://redpluslogo.net/LOGO/TV_FRANCE_FHD/FLAG_FRANCE.png
41;FR | OCS GO PREMIERE FHD;;;unmapped;ⓘTV ║ FRANCE FHD;http://redpluslogo.net/LOGO/ocs.png
42;FR | OCS GO SIGNATURE FHD;;;unmapped;ⓘTV ║ FRANCE FHD;http://redpluslogo.net/LOGO/ocs.png
43;FR | OCS GO US +24 FHD;;;unmapped;ⓘTV ║ FRANCE FHD;http://redpluslogo.net/LOGO/ocs.png
44;FR | ORANGE PREMIUM;;;unmapped;ⓘTV ║ FRANCE FHD;http://redpluslogo.net/LOGO/orangetv.png
45;FR | ORANGE CLUB FHD;;;unmapped;ⓘTV ║ FRANCE FHD;http://redpluslogo.net/LOGO/orangetv.png
46;FR | ORANGE STUDIO FHD;;;unmapped;ⓘTV ║ FRANCE FHD;http://redpluslogo.net/LOGO/orangetv.png
47;FR | ORANGE LA UNE FHD;;;unmapped;ⓘTV ║ FRANCE FHD;http://redpluslogo.net/LOGO/orangetv.png
48;FR | ORANGE LA DEUX FHD;;;unmapped;ⓘTV ║ FRANCE FHD;http://redpluslogo.net/LOGO/orangetv.png
49;FR | ORANGE ACTION FHD;;;unmapped;ⓘTV ║ FRANCE FHD;http://redpluslogo.net/LOGO/orangetv.png
50;FR | ORANGE SERIES FHD;;;unmapped;ⓘTV ║ FRANCE FHD;http://redpluslogo.net/LOGO/orangetv.png
51;▼●★ --- |FR| CINÉMA |FR| --- ★●▼;;;unmapped;ⓘTV ║ CINEMA;http://redpluslogo.net/LOGO/TV_FRANCE_FHD/FLAG_FRANCE.png
52;FR | CINE+ OCS HD;cineplusocs.fr;cineplusocs.fr;original;ⓘTV ║ CINEMA;http://redpluslogo.net/LOGO/TV_FRANCE_FHD/CINE+_OCS.png
53;FR | CINE+ OCS SD;cineplusocs.fr;cineplusocs.fr;original;ⓘTV ║ CINEMA;http://redpluslogo.net/LOGO/TV_FRANCE_FHD/CINE+_OCS.png
54;FR | CINE+ FRISSON FHD;CinePlusFrisson.fr;CinePlusFrisson.fr;original;ⓘTV ║ CINEMA;http://redpluslogo.net/LOGO/TV_FRANCE_FHD/CINE+_FRISSON_FHD+.png
55;FR | CINE+ FRISSON HD;CinePlusFrisson.ch;CinePlusFrisson.ch;original;ⓘTV ║ CINEMA;http://redpluslogo.net/LOGO/TV_FRANCE_HD/CINE+_FRISSON.png
56;FR | CINE+ FRISSON SD;cineplusfrisson.fr;cineplusfrisson.fr;original;ⓘTV ║ CINEMA;http://redpluslogo.net/LOGO/TV_FRANCE_HD/CINE+_FRISSON_SD.png
57;FR | CINE+ EMOTION FHD;CinePlusEmotion.fr;CinePlusEmotion.fr;original;ⓘTV ║ CINEMA;http://redpluslogo.net/LOGO/TV_FRANCE_FHD/CINE+_EMOTION.png
58;FR | CINE+ EMOTION HD;CinePlusEmotion.fr;CinePlusEmotion.fr;original;ⓘTV ║ CINEMA;http://redpluslogo.net/LOGO/TV_FRANCE_HD/CINE+_EMOTION.png
59;FR | CINE+ EMOTION SD;cineplusemotion.fr;cineplusemotion.fr;original;ⓘTV ║ CINEMA;http://redpluslogo.net/LOGO/TV_FRANCE_HD/CINE+_EMOTION_SD.png
60;FR | CINE+ PREMIER FHD;CinePlusPremier.be;CinePlusPremier.be;original;ⓘTV ║ CINEMA;http://redpluslogo.net/LOGO/TV_FRANCE_FHD/CINE+_PREMIER.png
61;FR | CINE+ PREMIER HD;CinePlusPremier.be;CinePlusPremier.be;original;ⓘTV ║ CINEMA;http://redpluslogo.net/LOGO/TV_FRANCE_HD/CINE+_PREMIER.png
62;FR | CINE+ PREMIER SD;cinepluspremier.fr;cinepluspremier.fr;original;ⓘTV ║ CINEMA;http://redpluslogo.net/LOGO/TV_FRANCE_HD/CINE+_PREMIER.png
63;FR | CINE+ FAMIZ FHD;cineplusamiz.fr;cineplusamiz.fr;original;ⓘTV ║ CINEMA;http://redpluslogo.net/LOGO/TV_FRANCE_FHD/CINE+_FAMIZ.png
64;FR | CINE+ FAMIZ SD;cineplusamiz.fr;cineplusamiz.fr;original;ⓘTV ║ CINEMA;http://redpluslogo.net/LOGO/TV_FRANCE_HD/CINE+_FAMIZ.png
65;FR | CINE+ FESTIVAL HD FHD;CinePlusClub.fr;CinePlusClub.fr;original;ⓘTV ║ CINEMA;http://redpluslogo.net/LOGO/TV_FRANCE_FHD/CINE+_FESTIVAL.png
66;FR | CINE+ FESTIVAL SD;CinePlusClub.fr;CinePlusClub.fr;original;ⓘTV ║ CINEMA;http://redpluslogo.net/LOGO/TV_FRANCE_FHD/CINE+_FESTIVAL.png
67;FR | CINE+  CLASSIC FHD;CinePlusClassic.fr;CinePlusClassic.fr;original;ⓘTV ║ CINEMA;http://redpluslogo.net/LOGO/TV_FRANCE_FHD/CINE+_CLASSIC.png
68;FR | CINE+ CLASSIC HD;CinePlusClassic.fr;CinePlusClassic.fr;original;ⓘTV ║ CINEMA;http://redpluslogo.net/LOGO/TV_FRANCE_HD/CINE+_CLASSIC.png
69;FR | CINE+  CLASSIC SD;cineplusclassic.fr;cineplusclassic.fr;original;ⓘTV ║ CINEMA;http://redpluslogo.net/LOGO/TV_FRANCE_HD/CINE+_CLASSIC_SD.png
70;FR | CINE+ CLUB FHD;cineplusclub.fr;cineplusclub.fr;original;ⓘTV ║ CINEMA;http://redpluslogo.net/LOGO/TV_FRANCE_FHD/
71;FR | CINE+ CLUB HD;cineplusclub.fr;cineplusclub.fr;original;ⓘTV ║ CINEMA;http://redpluslogo.net/LOGO/TV_FRANCE_HD/
72;FR | CINE+ CLUB SD;cineplusclub.fr;cineplusclub.fr;original;ⓘTV ║ CINEMA;http://redpluslogo.net/LOGO/TV_FRANCE_HD/
73;FR | WARNER TV FHD;WarnerTV.fr;WarnerTV.fr;original;ⓘTV ║ CINEMA;http://redpluslogo.net/LOGO/TV_FRANCE_FHD/WARNER_TV.png
74;FR | WARNER TV SD;warnertv.fr;warnertv.fr;original;ⓘTV ║ CINEMA;http://redpluslogo.net/LOGO/TV_FRANCE_HD/WARNER_TV_SD.png
75;FR | NOVELAS TV FHD;NovelasTV.fr;NovelasTV.fr;original;ⓘTV ║ CINEMA;http://redpluslogo.net/LOGO/TV_FRANCE_FHD/NOVELAS_TV.png
76;FR | NOVELAS TV HD;NovelasTV.fr;NovelasTV.fr;original;ⓘTV ║ CINEMA;http://redpluslogo.net/LOGO/TV_FRANCE_HD/NOVELAS_TV.png
77;FR | NOVELAS TV SD;novelastv.fr;novelastv.fr;original;ⓘTV ║ CINEMA;http://redpluslogo.net/LOGO/TV_FRANCE_HD/NOVELAS_TV_SD.png
78;FR | POLAR+ FHD;polarplus.fr;polarplus.fr;original;ⓘTV ║ CINEMA;http://redpluslogo.net/LOGO/TV_FRANCE_FHD/POLAR+.png
79;FR | POLAR+ HD;polarplus.fr;polarplus.fr;original;ⓘTV ║ CINEMA;http://redpluslogo.net/LOGO/TV_FRANCE_HD/POLAR+.png
80;FR | POLAR  SD;polarplus.fr;polarplus.fr;original;ⓘTV ║ CINEMA;http://redpluslogo.net/LOGO/TV_FRANCE_HD/POLAR+_SD.png
81;FR | CRIME DISTRICT FHD;CrimeDistrict.fr;CrimeDistrict.fr;original;ⓘTV ║ CINEMA;http://redpluslogo.net/LOGO/TV_FRANCE_FHD/CRIME_DISTRICT.png
82;FR | CRIME DISTRICT HD;CrimeDistrict.fr;CrimeDistrict.fr;original;ⓘTV ║ CINEMA;http://redpluslogo.net/LOGO/TV_FRANCE_HD/CRIME_DISTRICT.png
83;FR | CRIME DISTRICT SD;CrimeDistrict.fr;CrimeDistrict.fr;original;ⓘTV ║ CINEMA;http://redpluslogo.net/LOGO/TV_FRANCE_HD/CRIME_DISTRICT_SD.png
84;FR | ACTION FHD;Action.fr;Action.fr;original;ⓘTV ║ CINEMA;http://redpluslogo.net/LOGO/TV_FRANCE_FHD/ACTION.png
85;FR | ACTION HD;Action.fr;Action.fr;original;ⓘTV ║ CINEMA;http://redpluslogo.net/LOGO/TV_FRANCE_HD/ACTION.png
86;FR | ACTION SD;action.fr;action.fr;original;ⓘTV ║ CINEMA;http://redpluslogo.net/LOGO/TV_FRANCE_HD/ACTION_SD.png
87;FR | TCM CINEMA FHD;tcm.fr;tcm.fr;original;ⓘTV ║ CINEMA;http://redpluslogo.net/LOGO/TV_FRANCE_FHD/TCM_CINEMA.png
88;FR | TCM CINEMA HD;TCM.fr;TCM.fr;original;ⓘTV ║ CINEMA;http://redpluslogo.net/LOGO/TV_FRANCE_HD/TCM_CINEMA.png
89;FR | TCM CINEMA SD;tmc.fr;tmc.fr;original;ⓘTV ║ CINEMA;http://redpluslogo.net/LOGO/TV_FRANCE_HD/TCM_CINEMA_SD.png
90;FR | PARAMOUNT DECALE FHD;ParamountChannelDecale.fr;ParamountChannelDecale.fr;original;ⓘTV ║ CINEMA;http://redpluslogo.net/LOGO/TV_FRANCE_FHD/PARAMOUNT_DECALE.png
91;FR | PARAMOUNT DECALE HD;ParamountChannelDecale.fr;ParamountChannelDecale.fr;original;ⓘTV ║ CINEMA;http://redpluslogo.net/LOGO/TV_FRANCE_HD/PARAMOUNT_DECALE.png
92;FR | DOSSIERS FBI;;;unmapped;ⓘTV ║ CINEMA;http://redpluslogo.net/LOGO/PLUTO.png
93;FR | INA 70S;;;unmapped;ⓘTV ║ CINEMA;http://redpluslogo.net/LOGO/RAKUTEN.png
94;FR | NETFLIX THRILLER;;;unmapped;ⓘTV ║ CINEMA;https://redpluslogo.net/LOGO/netflix.png
95;FR | NETFLIX SCI-FI;;;unmapped;ⓘTV ║ CINEMA;https://redpluslogo.net/LOGO/netflix.png
96;FR | NETFLIX FANTASY;;;unmapped;ⓘTV ║ CINEMA;https://redpluslogo.net/LOGO/netflix.png
97;FR | NETFLIX ACTION;;;unmapped;ⓘTV ║ CINEMA;https://redpluslogo.net/LOGO/netflix.png
98;FR | NETFLIX ADVENTURE;;;unmapped;ⓘTV ║ CINEMA;https://redpluslogo.net/LOGO/netflix.png
99;FR | NETFLIX ROMANCE;;;unmapped;ⓘTV ║ CINEMA;https://redpluslogo.net/LOGO/netflix.png
100;FR | NETFLIX DRAMA;;;unmapped;ⓘTV ║ CINEMA;https://redpluslogo.net/LOGO/netflix.png
101;FR | NETFLIX COMEDY;;;unmapped;ⓘTV ║ CINEMA;https://redpluslogo.net/LOGO/netflix.png
102;FR | NETFLIX HORROR;;;unmapped;ⓘTV ║ CINEMA;https://redpluslogo.net/LOGO/netflix.png
103;FR | NETFLIX DOCUMENTARY;;;unmapped;ⓘTV ║ CINEMA;https://redpluslogo.net/LOGO/netflix.png
104;FR | NETFLIX SPORTS;;;unmapped;ⓘTV ║ CINEMA;https://redpluslogo.net/LOGO/netflix.png
105;FR | NETFLIX KIDS;;;unmapped;ⓘTV ║ CINEMA;https://redpluslogo.net/LOGO/netflix.png
106;FR | HALLOWEEN SAGA EVENT HD;;;unmapped;ⓘTV ║ CINEMA;https://www.themoviedb.org/t/p/w600_and_h900_bestv2/qmM10m8KD5lxiKVS6LQgNXv8eGi.jpg
107;FR | HALLOWEEN COMIC EVENT HD;;;unmapped;ⓘTV ║ CINEMA;https://www.themoviedb.org/t/p/w600_and_h900_bestv2/qmM10m8KD5lxiKVS6LQgNXv8eGi.jpg
108;▼●★ --- |FR| FRANCE TNT |FR| --- ★●▼;;;unmapped;ⓘTV ║ FRANCE HD;http://redpluslogo.net/LOGO/TV_FRANCE_FHD/FLAG_FRANCE.png
109;FR | TF1 HD;tf1.fr;tf1.fr;original;ⓘTV ║ FRANCE HD;http://redpluslogo.net/LOGO/TV_FRANCE_HD/TF1.png
110;FR | TF1 SD;tf1.fr;tf1.fr;original;ⓘTV ║ FRANCE HD;http://redpluslogo.net/LOGO/TV_FRANCE_HD/TF1_SD.png
111;FR | FRANCE 2 HD;france2.fr;france2.fr;original;ⓘTV ║ FRANCE HD;http://redpluslogo.net/LOGO/TV_FRANCE_HD/FRANCE_2.png
112;FR | FRANCE 2 SD;france2.fr;france2.fr;original;ⓘTV ║ FRANCE HD;http://redpluslogo.net/LOGO/TV_FRANCE_HD/FRANCE_2_SD.png
113;FR | FRANCE 3 HD;france3.fr;france3.fr;original;ⓘTV ║ FRANCE HD;http://redpluslogo.net/LOGO/TV_FRANCE_HD/FRANCE_3.png
114;FR | FRANCE 3 SD;france3.fr;france3.fr;original;ⓘTV ║ FRANCE HD;http://redpluslogo.net/LOGO/TV_FRANCE_HD/FRANCE_3_SD.png
115;FR | FRANCE 4 HD;france4.fr;france4.fr;original;ⓘTV ║ FRANCE HD;http://redpluslogo.net/LOGO/TV_FRANCE_HD/FRANCE_4.png
116;FR | FRANCE 4 SD;france4.fr;france4.fr;original;ⓘTV ║ FRANCE HD;http://redpluslogo.net/LOGO/TV_FRANCE_HD/FRANCE_4_SD.png
117;FR | FRANCE 5 HD;france5.fr;france5.fr;original;ⓘTV ║ FRANCE HD;http://redpluslogo.net/LOGO/TV_FRANCE_HD/FRANCE_5.png
118;FR | FRANCE 5 SD;france5.fr;france5.fr;original;ⓘTV ║ FRANCE HD;http://redpluslogo.net/LOGO/TV_FRANCE_HD/FRANCE_5_SD.png
119;FR | ARTE HD;arte.fr;arte.fr;original;ⓘTV ║ FRANCE HD;http://redpluslogo.net/LOGO/TV_FRANCE_HD/ARTE.png
120;FR | M6 HD;m6.fr;m6.fr;original;ⓘTV ║ FRANCE HD;http://redpluslogo.net/LOGO/TV_FRANCE_HD/M6.png
121;FR | M6 SD;m6.fr;m6.fr;original;ⓘTV ║ FRANCE HD;http://redpluslogo.net/LOGO/TV_FRANCE_HD/M6_SD.png
122;FR | M6 INTERNATIONAL HD;m6.fr;m6.fr;original;ⓘTV ║ FRANCE HD;http://redpluslogo.net/LOGO/TV_FRANCE_HD/M6_INTERNATIONAL.png
123;FR | W9 HD;w9.fr;w9.fr;original;ⓘTV ║ FRANCE HD;http://redpluslogo.net/LOGO/TV_FRANCE_HD/W9.png
124;FR | W9 SD;w9.fr;w9.fr;original;ⓘTV ║ FRANCE HD;http://redpluslogo.net/LOGO/TV_FRANCE_HD/W9_SD.png
125;FR | 6TER HD;6ter.fr;6ter.fr;original;ⓘTV ║ FRANCE HD;http://redpluslogo.net/LOGO/TV_FRANCE_HD/6TER.png
126;FR | 6TER SD;6ter.fr;6ter.fr;original;ⓘTV ║ FRANCE HD;http://redpluslogo.net/LOGO/TV_FRANCE_HD/6TER_SD.png
127;FR | TFX HD;tfx.fr;tfx.fr;original;ⓘTV ║ FRANCE HD;http://redpluslogo.net/LOGO/TV_FRANCE_HD/TFX.png
128;FR | TFX SD;tfx.fr;tfx.fr;original;ⓘTV ║ FRANCE HD;http://redpluslogo.net/LOGO/TV_FRANCE_HD/TFX_SD.png
129;FR | TF1 SERIES FILMS HD;tf1seriesfilms.fr;tf1seriesfilms.fr;original;ⓘTV ║ FRANCE HD;http://redpluslogo.net/LOGO/TV_FRANCE_HD/TF1_SERIES_FILMS.png
130;FR | TF1 SERIES FILMS SD;tf1seriesfilms.fr;tf1seriesfilms.fr;original;ⓘTV ║ FRANCE HD;http://redpluslogo.net/LOGO/TV_FRANCE_HD/TF1_SERIES_FILMS_SD.png
131;FR | SECRET STORY HD;;;unmapped;ⓘTV ║ FRANCE HD;http://redpluslogo.net/LOGO/SQOOL_TV.png
132;FR | CSTAR HD;cstar.fr;cstar.fr;original;ⓘTV ║ FRANCE HD;http://redpluslogo.net/LOGO/TV_FRANCE_HD/CSTAR.png
133;FR | CSTAR SD;cstar.fr;cstar.fr;original;ⓘTV ║ FRANCE HD;http://redpluslogo.net/LOGO/TV_FRANCE_HD/CSTAR_SD.png
134;FR | T18 HD;t18.fr;t18.fr;original;ⓘTV ║ FRANCE HD;https://redpluslogo.net/LOGO/TV_FRANCE_FHD/T18.png
135;FR | NOVO19 HD;novo19.fr;novo19.fr;original;ⓘTV ║ FRANCE HD;https://redpluslogo.net/LOGO/TV_FRANCE_FHD/novo_19.png
136;FR | NOVO19 SD;novo19.fr;novo19.fr;original;ⓘTV ║ FRANCE HD;https://redpluslogo.net/LOGO/TV_FRANCE_FHD/novo_19.png
137;FR | CNEWS HD;cnews.fr;cnews.fr;original;ⓘTV ║ FRANCE HD;http://redpluslogo.net/LOGO/TV_FRANCE_HD/CNEWS_SD.png
138;FR | CNEWS SD;cnews.fr;cnews.fr;original;ⓘTV ║ FRANCE HD;http://redpluslogo.net/LOGO/TV_FRANCE_HD/CNEWS_SD.png
139;FR | SQOOL TV HD;;;unmapped;ⓘTV ║ FRANCE HD;http://redpluslogo.net/LOGO/SQOOL_TV.png
140;FR | RMC STORY HD;rmcstory.fr;rmcstory.fr;original;ⓘTV ║ FRANCE HD;http://redpluslogo.net/LOGO/TV_FRANCE_HD/RMC_STORY.png
141;FR | RMC STORY SD;rmcstory.fr;rmcstory.fr;original;ⓘTV ║ FRANCE HD;http://redpluslogo.net/LOGO/TV_FRANCE_HD/RMC_STORY_SD.png
142;FR | TMC HD;tmc.fr;tmc.fr;original;ⓘTV ║ FRANCE HD;http://redpluslogo.net/LOGO/TV_FRANCE_HD/TMC.png
143;FR | TMC SD;tmc.fr;tmc.fr;original;ⓘTV ║ FRANCE HD;http://redpluslogo.net/LOGO/TV_FRANCE_HD/TMC_SD.png
144;FR | RMC LIFE HD;cherie25.fr;cherie25.fr;original;ⓘTV ║ FRANCE HD;http://redpluslogo.net/LOGO/TV_FRANCE_HD/CHERIE_25.png
145;FR | RMC LIFE SD;cherie25.fr;cherie25.fr;original;ⓘTV ║ FRANCE HD;http://redpluslogo.net/LOGO/TV_FRANCE_HD/CHERIE_25_SD.png
146;FR | LUCKY JACK TV HD;LuckyJack.fr;LuckyJack.fr;original;ⓘTV ║ FRANCE HD;http://redpluslogo.net/LOGO/TV_FRANCE_FHD/LUCKY_JACK.png
147;FR | PUISSANCE TELEVISION HD;;;unmapped;ⓘTV ║ FRANCE HD;http://redpluslogo.net/LOGO/PUISSANCETELEVISION.png
148;FR | MUSEUM HD;;;unmapped;ⓘTV ║ FRANCE HD;http://redpluslogo.net/LOGO/TV_FRANCE_FHD/MUSEUM.png
149;▼●★ --- ||FR|| MY CANAL HD ||FR|| --- ★●▼;;;unmapped;ⓘTV ║ FRANCE HD;http://redpluslogo.net/LOGO/TV_FRANCE_HD/FLAG_FRANCE.png
150;FR | CANAL+ HD;canalplus.fr;canalplus.fr;original;ⓘTV ║ FRANCE HD;https://logo.yellowcdn.xyz/canalplus.png
151;FR | CANAL+ SD;canalplus.fr;canalplus.fr;original;ⓘTV ║ FRANCE HD;http://redpluslogo.net/LOGO/TV_FRANCE_HD/CANAL+_SD.png
152;FR | CANAL+ SERIE HD;canalplusseries.fr;canalplusseries.fr;original;ⓘTV ║ FRANCE HD;http://redpluslogo.net/LOGO/TV_FRANCE_HD/CANAL+_SERIES.png
153;FR | CANAL+ SERIES SD;canalplusseries.fr;canalplusseries.fr;original;ⓘTV ║ FRANCE HD;http://redpluslogo.net/LOGO/TV_FRANCE_HD/CANAL+_SERIES_SD.png
154;FR | CANAL+ CINEMA HD;canalpluscinema.fr;canalpluscinema.fr;original;ⓘTV ║ FRANCE HD;http://redpluslogo.net/LOGO/TV_FRANCE_HD/CANAL+_CINEMA(S).png
155;FR | CANAL+ CINEMA SD;canalpluscinema.fr;canalpluscinema.fr;original;ⓘTV ║ FRANCE HD;http://redpluslogo.net/LOGO/TV_FRANCE_HD/CANAL+_CINEMA(S)_SD.png
156;FR | CANAL+ KIDS HD;canalpluskids.fr;canalpluskids.fr;original;ⓘTV ║ FRANCE HD;http://redpluslogo.net/LOGO/TV_FRANCE_HD/CANAL+_KIDS.png
157;FR | CANAL+ KIDS SD;canalpluskids.fr;canalpluskids.fr;original;ⓘTV ║ FRANCE HD;http://redpluslogo.net/LOGO/TV_FRANCE_HD/CANAL+_KIDS_SD.png
158;FR | CANAL+ GRAND ECRAN HD;;;unmapped;ⓘTV ║ FRANCE HD;http://redpluslogo.net/LOGO/TV_FRANCE_HD/CANAL+_GRAND_ECRAN_SD.png
159;FR | CANAL+ GRAND ECRAN SD;canalplusgrandecran.fr;canalplusgrandecran.fr;original;ⓘTV ║ FRANCE HD;http://redpluslogo.net/LOGO/TV_FRANCE_HD/CANAL+_GRAND_ECRAN_SD.png
160;FR | CANAL+ BOX OFFICE HD;CanalPlusBoxOffice.fr;CanalPlusBoxOffice.fr;original;ⓘTV ║ FRANCE HD;http://redpluslogo.net/LOGO/beinboxoffice.png
161;▼●★ --- ||FR|| REGIONALES ||FR|| --- ★●▼;;;unmapped;ⓘTV ║ FRANCE HD;https://redpluslogo.net/LOGO/TV_FRANCE_FHD/FLAG_FRANCE.png
162;FR | FR3 ALPES;;;unmapped;ⓘTV ║ FRANCE HD;http://redpluslogo.net/LOGO/TV_FRANCE_HD/f3alpes.png
163;FR | FR3 ALSACE;;;unmapped;ⓘTV ║ FRANCE HD;http://redpluslogo.net/LOGO/TV_FRANCE_HD/f3alsace.png
164;FR | FR3 AQUITAINE;;;unmapped;ⓘTV ║ FRANCE HD;http://redpluslogo.net/LOGO/TV_FRANCE_HD/f3aquitaine.png
165;FR | FR3 AUVERGNE;;;unmapped;ⓘTV ║ FRANCE HD;http://redpluslogo.net/LOGO/TV_FRANCE_HD/f3auvergne.png
166;FR | FR3 BASSE-NORMANDIE;;;unmapped;ⓘTV ║ FRANCE HD;http://redpluslogo.net/LOGO/TV_FRANCE_HD/f3bnormandie.png
167;FR | FR3 BOURGOGNE;;;unmapped;ⓘTV ║ FRANCE HD;http://redpluslogo.net/LOGO/TV_FRANCE_HD/f3bourgogne.png
168;FR | FR3 BRETAGNE;;;unmapped;ⓘTV ║ FRANCE HD;http://redpluslogo.net/LOGO/TV_FRANCE_HD/f3bretagne.png
169;FR | FR3 CENTRE;;;unmapped;ⓘTV ║ FRANCE HD;http://redpluslogo.net/LOGO/TV_FRANCE_HD/f3centre.png
170;FR | FR3 CHAMPAGNE-ARDENNE;;;unmapped;ⓘTV ║ FRANCE HD;http://redpluslogo.net/LOGO/TV_FRANCE_HD/f3champardenne.png
171;FR | FR3 CORSE VIA STELLA;;;unmapped;ⓘTV ║ FRANCE HD;http://redpluslogo.net/LOGO/TV_FRANCE_HD/f3corseviastella.png
172;FR | FR3 COTE-D;;;unmapped;ⓘTV ║ FRANCE HD;http://redpluslogo.net/LOGO/TV_FRANCE_HD/f3cotedazur.png
173;FR | FR3 FRANCHE-COMTE;;;unmapped;ⓘTV ║ FRANCE HD;http://redpluslogo.net/LOGO/TV_FRANCE_HD/f3franchecomte.png
174;FR | FR3 HAUTE-NORMANDIE;;;unmapped;ⓘTV ║ FRANCE HD;http://redpluslogo.net/LOGO/TV_FRANCE_HD/f3hnormandie.png
175;FR | FR3 HD;;;unmapped;ⓘTV ║ FRANCE HD;http://redpluslogo.net/LOGO/TV_FRANCE_HD/FRANCE_3.png
176;FR | FR3 LANGUEDOC-ROUSSILLON;;;unmapped;ⓘTV ║ FRANCE HD;http://redpluslogo.net/LOGO/TV_FRANCE_HD/f3languedocrou.png
177;FR | FR3 LIMOUSIN;;;unmapped;ⓘTV ║ FRANCE HD;http://redpluslogo.net/LOGO/TV_FRANCE_HD/f3limousin.png
178;FR | FR3 LORRAINE;;;unmapped;ⓘTV ║ FRANCE HD;http://redpluslogo.net/LOGO/TV_FRANCE_HD/f3lorraine.png
179;FR | FR3 MIDI PYRENEES;;;unmapped;ⓘTV ║ FRANCE HD;http://redpluslogo.net/LOGO/TV_FRANCE_HD/f3midipyrenees.png
180;FR | FR3 NoA;;;unmapped;ⓘTV ║ FRANCE HD;http://redpluslogo.net/LOGO/TV_FRANCE_HD/noa.png
181;FR | FR3 NORD PAS-DE-CALAIS;;;unmapped;ⓘTV ║ FRANCE HD;http://redpluslogo.net/LOGO/TV_FRANCE_HD/f3nordpdc.png
182;FR | FR3 PARIS ILE-DE-FRANCE;;;unmapped;ⓘTV ║ FRANCE HD;http://redpluslogo.net/LOGO/TV_FRANCE_HD/f3parisidf.png
183;FR | FR3 PAYS DE LOIRE;;;unmapped;ⓘTV ║ FRANCE HD;http://redpluslogo.net/LOGO/TV_FRANCE_HD/f3paysdelaloire.png
184;FR | FR3 PICARDIE;;;unmapped;ⓘTV ║ FRANCE HD;http://redpluslogo.net/LOGO/TV_FRANCE_HD/f3picardie.png
185;FR | FR3 POITOU-CHARENTES;;;unmapped;ⓘTV ║ FRANCE HD;http://redpluslogo.net/LOGO/TV_FRANCE_HD/f3poitouchar.png
186;FR | FR3 PROVENCE-ALPES;;;unmapped;ⓘTV ║ FRANCE HD;http://redpluslogo.net/LOGO/TV_FRANCE_HD/f3provalpes.png
187;FR | FR3 RHONE-ALPES;;;unmapped;ⓘTV ║ FRANCE HD;http://redpluslogo.net/LOGO/TV_FRANCE_HD/f3rhonealpes.png
188;FR | 20 MINUTES TV HD;;;unmapped;ⓘTV ║ FRANCE HD;http://redpluslogo.net/LOGO/TV_FRANCE_HD/20_MINUTES_TV.png
189;FR | TV8 MONT-BLANC;;;unmapped;ⓘTV ║ FRANCE HD;http://redpluslogo.net/LOGO/TV_FRANCE_HD/TV8_MONT_BLANC.png
190;FR | FUEL TV HD;;;unmapped;ⓘTV ║ FRANCE HD;http://redpluslogo.net/LOGO/TV_PORTUGAL/Fuel_TV.png
191;FR | LMTV SARTHE HD;;;unmapped;ⓘTV ║ FRANCE HD;http://redpluslogo.net/LOGO/LMTVSARTHE.png
192;FR | ALPE DHUEZ;;;unmapped;ⓘTV ║ FRANCE HD;http://redpluslogo.net/LOGO/TV_FRANCE_HD/
193;FR | 7ALIMOGES HD;;;unmapped;ⓘTV ║ FRANCE HD;http://redpluslogo.net/LOGO/TV_FRANCE_HD/
194;FR | AS TV HD;;;unmapped;ⓘTV ║ FRANCE HD;http://redpluslogo.net/LOGO/TV_FRANCE_HD/
195;FR | ASTRO CENTER TV;;;unmapped;ⓘTV ║ FRANCE HD;http://redpluslogo.net/LOGO/TV_FRANCE_HD/ASTROCENTER_TV.png
196;FR | NA TV HD;;;unmapped;ⓘTV ║ FRANCE HD;http://redpluslogo.net/LOGO/TV_FRANCE_HD/
197;FR | NOA HD;;;unmapped;ⓘTV ║ FRANCE HD;http://redpluslogo.net/LOGO/TV_FRANCE_HD/noa.png
198;FR | CANAL 31 HD;;;unmapped;ⓘTV ║ FRANCE HD;http://redpluslogo.net/LOGO/TV_FRANCE_HD/
199;FR | CANAL ATLAS;;;unmapped;ⓘTV ║ FRANCE HD;http://redpluslogo.net/LOGO/TV_FRANCE_HD/
200;FR | CANAL32 HD;;;unmapped;ⓘTV ║ FRANCE HD;http://redpluslogo.net/LOGO/TV_FRANCE_HD/
201;FR | MOSELLE TV;;;unmapped;ⓘTV ║ FRANCE HD;http://redpluslogo.net/LOGO/TV_FRANCE_HD/MOSELE_TV.png
202;FR | MOSAIK CRISTAL HD;;;unmapped;ⓘTV ║ FRANCE HD;http://redpluslogo.net/LOGO/TV_FRANCE_HD/
203;FR | MARITIMA TV;;;unmapped;ⓘTV ║ FRANCE HD;http://redpluslogo.net/LOGO/TV_FRANCE_HD/
204;FR | MAURIENNE TV HD;;;unmapped;ⓘTV ║ FRANCE HD;http://redpluslogo.net/LOGO/TV_FRANCE_HD/
205;FR | BIP TV HD;;;unmapped;ⓘTV ║ FRANCE HD;http://redpluslogo.net/LOGO/TV_FRANCE_HD/BIP_TV.png
206;FR | VIA TELE PAESE;;;unmapped;ⓘTV ║ FRANCE HD;http://redpluslogo.net/LOGO/TV_FRANCE_HD/
207;FR | TV MONACO;;;unmapped;ⓘTV ║ FRANCE HD;http://redpluslogo.net/LOGO/TV_FRANCE_HD/
208;▼●★ --- ||FR|| OUTRE MER ||FR|| --- ★●▼;;;unmapped;ⓘTV ║ FRANCE HD;
209;FR | OUTRE-MER 1ÈRE HD;;;unmapped;ⓘTV ║ FRANCE HD;
210;FR | NOUVELLE-CALEDONIE 1ÈRE HD;;;unmapped;ⓘTV ║ FRANCE HD;
211;FR | GUADELOUPE 1ÈRE HD;;;unmapped;ⓘTV ║ FRANCE HD;
212;FR | GUYANE 1ÈRE HD;;;unmapped;ⓘTV ║ FRANCE HD;
213;FR | MARTINIQUE 1ERE HD;;;unmapped;ⓘTV ║ FRANCE HD;
214;FR | ANTENNE REUNION HD;;;unmapped;ⓘTV ║ FRANCE HD;
215;FR | RTS UN EQUITAINE GUYANE HD;;;unmapped;ⓘTV ║ FRANCE HD;
216;FR | RTS DEUX EQUITAINE GUYANE HD;;;unmapped;ⓘTV ║ FRANCE HD;
217;FR | ZOUK TV HD;;;unmapped;ⓘTV ║ FRANCE HD;
218;FR | FUSION TV HD;;;unmapped;ⓘTV ║ FRANCE HD;
219;FR | TELE GINEN HD;;;unmapped;ⓘTV ║ FRANCE HD;
220;FR | TÉLÉVISION NATIONALE TNH HD;;;unmapped;ⓘTV ║ FRANCE HD;
221;FR | TELE ECLAIR HD;;;unmapped;ⓘTV ║ FRANCE HD;
222;FR | TMA CARAIBES HD;;;unmapped;ⓘTV ║ FRANCE HD;
223;FR | TELE CARAIBES HD;;;unmapped;ⓘTV ║ FRANCE HD;
224;FR | CANAL TELEANTILLAS HD;;;unmapped;ⓘTV ║ FRANCE HD;
225;▼●★ --- ||FR|| SPORTS ÉVÉNEMENTIELS - HQ ||FR|| --- ★●▼;;;unmapped;ⓘTV ║ SPORTS FR;http://redpluslogo.net/LOGO/TV_SPORTS_FR_HD/FLAG_FRANCE.png
226;FR | CANAL+ EVENEMENT UHD;EvenementsSports4KUHD.fr;EvenementsSports4KUHD.fr;original;ⓘTV ║ SPORTS FR;http://redpluslogo.net/LOGO/TV_SPORTS_FR_FHD/CANAL+_EVENEMENT.png
227;FR | CANAL+ ÉVENEMENT UHD HDR;;;unmapped;ⓘTV ║ SPORTS FR;http://redpluslogo.net/LOGO/TV_SPORTS_FR_FHD/CANAL+_EVENEMENT.png
228;FR | CANAL+ FHD;canalplus.fr;canalplus.fr;original;ⓘTV ║ SPORTS FR;https://redpluslogo.net/LOGO/TV_FRANCE_HD/CANAL+.png
229;FR | CANAL+ HD;canalplus.fr;canalplus.fr;original;ⓘTV ║ SPORTS FR;https://redpluslogo.net/LOGO/TV_FRANCE_HD/CANAL+.png
230;FR | CANAL+ SPORT FHD;canalplussport.fr;canalplussport.fr;original;ⓘTV ║ SPORTS FR;http://redpluslogo.net/LOGO/TV_SPORTS_FR_FHD/CANAL+_SPORT.png
231;FR | CANAL+ SPORT HD;canalplussport.fr;canalplussport.fr;original;ⓘTV ║ SPORTS FR;http://redpluslogo.net/LOGO/TV_SPORTS_FR_HD/CANAL+_SPORT.png
232;FR | CANAL+ SPORT SD;canalplussport.fr;canalplussport.fr;original;ⓘTV ║ SPORTS FR;http://redpluslogo.net/LOGO/TV_SPORTS_FR_FHD/CANAL+_SPORT.png
233;FR | CANAL+ 360 FHD;canalplussport360.fr;canalplussport360.fr;original;ⓘTV ║ SPORTS FR;http://redpluslogo.net/LOGO/TV_SPORTS_FR_FHD/CANAL+_SPORT_360.png
234;FR | CANAL+ 360 HD;canalplussport360.fr;canalplussport360.fr;original;ⓘTV ║ SPORTS FR;http://redpluslogo.net/LOGO/TV_SPORTS_FR_FHD/CANAL+_SPORT_360.png
235;FR | CANAL+ 360 SD;CanalPlusSport360.fr;CanalPlusSport360.fr;original;ⓘTV ║ SPORTS FR;http://redpluslogo.net/LOGO/TV_SPORTS_FR_FHD/CANAL+_SPORT_360.png
236;FR | CANAL+ FOOT UHD;;;unmapped;ⓘTV ║ SPORTS FR;https://redpluslogo.net/LOGO/TV_SPORTS_FR_FHD/CANAL+_FOOT.png
237;FR | CANAL+ FOOT FHD;canalplusfoot.fr;canalplusfoot.fr;original;ⓘTV ║ SPORTS FR;https://redpluslogo.net/LOGO/TV_SPORTS_FR_FHD/CANAL+_FOOT.png
238;FR | CANAL+ FOOT FHD S2;canalplusfoot.fr;canalplusfoot.fr;original;ⓘTV ║ SPORTS FR;https://redpluslogo.net/LOGO/TV_SPORTS_FR_FHD/CANAL+_FOOT.png
239;FR | CANAL+ FOOT HD;canalplusfoot.fr;canalplusfoot.fr;original;ⓘTV ║ SPORTS FR;https://redpluslogo.net/LOGO/TV_SPORTS_FR_FHD/CANAL+_FOOT.png
240;FR | CANAL+ FOOT SD;canalplusfoot.fr;canalplusfoot.fr;original;ⓘTV ║ SPORTS FR;https://redpluslogo.net/LOGO/TV_SPORTS_FR_FHD/CANAL+_FOOT.png
241;FR | CANAL+ PREMIER LEAGUE FHD;canalpluspremierleague.fr;canalpluspremierleague.fr;original;ⓘTV ║ SPORTS FR;https://redpluslogo.net/LOGO/TV_SPORTS_FR_FHD/CANAL+_PREMIER_LEAGUE.png
242;FR | CANAL+ PREMIER LEAGUE HD;canalpluspremierleague.fr;canalpluspremierleague.fr;original;ⓘTV ║ SPORTS FR;https://redpluslogo.net/LOGO/TV_SPORTS_FR_FHD/CANAL+_PREMIER_LEAGUE.png
243;FR | CANAL+ PREMIER LEAGUE SD;canalpluspremierleague.fr;canalpluspremierleague.fr;original;ⓘTV ║ SPORTS FR;https://redpluslogo.net/LOGO/TV_SPORTS_FR_FHD/CANAL+_PREMIER_LEAGUE.png
244;▼●★ --- ||FR|| BEIN SPORT ||FR|| --- ★●▼;;;unmapped;ⓘTV ║ SPORTS FR;http://redpluslogo.net/LOGO/TV_SPORTS_FR_HD/FLAG_FRANCE.png
245;FR | BEIN SPORT 1 FHD;beinsports1.fr;beinsports1.fr;original;ⓘTV ║ SPORTS FR;http://redpluslogo.net/LOGO/TV_SPORTS_FR_HD/BEIN_SPORTS_1.png
246;FR | BEIN SPORT 1 HD;beinsports1.fr;beinsports1.fr;original;ⓘTV ║ SPORTS FR;http://redpluslogo.net/LOGO/TV_SPORTS_FR_HD/BEIN_SPORTS_1.png
247;FR | BEIN SPORT 1 SD;beinsports1.fr;beinsports1.fr;original;ⓘTV ║ SPORTS FR;http://redpluslogo.net/LOGO/TV_SPORTS_FR_HD/BEIN_SPORTS_1_SD.png
248;FR | BEIN SPORT 2 FHD;beinsports2.fr;beinsports2.fr;original;ⓘTV ║ SPORTS FR;http://redpluslogo.net/LOGO/TV_SPORTS_FR_HD/BEIN_SPORTS_2.png
249;FR | BEIN SPORT 2 HD;beinsports2.fr;beinsports2.fr;original;ⓘTV ║ SPORTS FR;http://redpluslogo.net/LOGO/TV_SPORTS_FR_HD/BEIN_SPORTS_2.png
250;FR | BEIN SPORT 2 SD;beinsports2.fr;beinsports2.fr;original;ⓘTV ║ SPORTS FR;http://redpluslogo.net/LOGO/TV_SPORTS_FR_HD/BEIN_SPORTS_2_SD.png
251;FR | BEIN SPORT 3 FHD;beinsports3.fr;beinsports3.fr;original;ⓘTV ║ SPORTS FR;http://redpluslogo.net/LOGO/TV_SPORTS_FR_HD/BEIN_SPORTS_3.png
252;FR | BEIN SPORT 3 HD;beinsports3.fr;beinsports3.fr;original;ⓘTV ║ SPORTS FR;http://redpluslogo.net/LOGO/TV_SPORTS_FR_HD/BEIN_SPORTS_3.png
253;FR | BEIN SPORT 3 SD;beinsports3.fr;beinsports3.fr;original;ⓘTV ║ SPORTS FR;http://redpluslogo.net/LOGO/TV_SPORTS_FR_HD/BEIN_SPORTS_3_SD.png
254;FR | BEIN MAX 4 HD;beINSPORTSMAX4.fr;beINSPORTSMAX4.fr;original;ⓘTV ║ SPORTS FR;http://redpluslogo.net/LOGO/TV_SPORTS_FR_HD/BEIN_MAX_4.png
255;FR | BEIN MAX 5 HD;beINSPORTSMAX5.fr;beINSPORTSMAX5.fr;original;ⓘTV ║ SPORTS FR;http://redpluslogo.net/LOGO/TV_SPORTS_FR_HD/BEIN_MAX_5.png
256;FR | BEIN MAX 6 HD;beINSPORTSMAX6.fr;beINSPORTSMAX6.fr;original;ⓘTV ║ SPORTS FR;http://redpluslogo.net/LOGO/TV_SPORTS_FR_HD/BEIN_MAX_6.png
257;FR | BEIN MAX 7 HD;beINSPORTSMAX7.fr;beINSPORTSMAX7.fr;original;ⓘTV ║ SPORTS FR;http://redpluslogo.net/LOGO/TV_SPORTS_FR_HD/BEIN_MAX_7.png
258;FR | BEIN MAX 8 HD;beINSPORTSMAX8.fr;beINSPORTSMAX8.fr;original;ⓘTV ║ SPORTS FR;http://redpluslogo.net/LOGO/TV_SPORTS_FR_HD/BEIN_MAX_8.png
259;FR | BEIN MAX 9 HD;beINSPORTSMAX9.fr;beINSPORTSMAX9.fr;original;ⓘTV ║ SPORTS FR;http://redpluslogo.net/LOGO/TV_SPORTS_FR_HD/BEIN_MAX_9.png
260;FR | BEIN MAX 10 HD;beINSPORTSMAX10.fr;beINSPORTSMAX10.fr;original;ⓘTV ║ SPORTS FR;http://redpluslogo.net/LOGO/TV_SPORTS_FR_HD/BEIN_MAX_10.png
261;▼●★ --- ||FR|| RMC SPORT ||FR|| --- ★●▼;;;unmapped;ⓘTV ║ SPORTS FR;http://redpluslogo.net/LOGO/TV_SPORTS_FR_HD/FLAG_FRANCE.png
262;FR | RMC SPORT 1 FHD;rmcsport1.fr;rmcsport1.fr;original;ⓘTV ║ SPORTS FR;http://redpluslogo.net/LOGO/TV_SPORTS_FR_HD/RMC_SPORT_1.png
263;FR | RMC SPORT 1 HD;rmcsport1.fr;rmcsport1.fr;original;ⓘTV ║ SPORTS FR;http://redpluslogo.net/LOGO/TV_SPORTS_FR_HD/RMC_SPORT_1.png
264;FR | RMC SPORT 1 SD;rmcsport1.fr;rmcsport1.fr;original;ⓘTV ║ SPORTS FR;http://redpluslogo.net/LOGO/TV_SPORTS_FR_HD/RMC_SPORT_1_SD.png
265;FR | RMC SPORT 2 FHD;rmcsport2.fr;rmcsport2.fr;original;ⓘTV ║ SPORTS FR;http://redpluslogo.net/LOGO/TV_SPORTS_FR_HD/RMC_SPORT_LIVE_2.png
266;FR | RMC SPORT 2 HD;rmcsport2.fr;rmcsport2.fr;original;ⓘTV ║ SPORTS FR;http://redpluslogo.net/LOGO/TV_SPORTS_FR_HD/RMC_SPORT_LIVE_2.png
267;FR | RMC SPORT 2 SD;rmcsport2.fr;rmcsport2.fr;original;ⓘTV ║ SPORTS FR;http://redpluslogo.net/LOGO/TV_SPORTS_FR_HD/RMC_SPORT_LIVE_2_SD.png
268;FR | RMC SPORT LIVE 3 FHD;rmcsport2.fr;rmcsport2.fr;original;ⓘTV ║ SPORTS FR;http://redpluslogo.net/LOGO/TV_SPORTS_FR_HD/RMC_SPORT_LIVE_3.png
269;FR | RMC SPORT LIVE 3 HD;rmcsport2.fr;rmcsport2.fr;original;ⓘTV ║ SPORTS FR;http://redpluslogo.net/LOGO/TV_SPORTS_FR_HD/RMC_SPORT_LIVE_3.png
270;FR | RMC SPORT LIVE 3 SD;rmcsport2.fr;rmcsport2.fr;original;ⓘTV ║ SPORTS FR;http://redpluslogo.net/LOGO/TV_SPORTS_FR_HD/RMC_SPORT_LIVE_3_SD.png
271;FR | RMC SPORT LIVE 4 FHD;rmcsport2.fr;rmcsport2.fr;original;ⓘTV ║ SPORTS FR;http://redpluslogo.net/LOGO/TV_SPORTS_FR_HD/RMC_SPORT_LIVE_4.png
272;FR | RMC SPORT LIVE 4 HD;rmcsport2.fr;rmcsport2.fr;original;ⓘTV ║ SPORTS FR;http://redpluslogo.net/LOGO/TV_SPORTS_FR_HD/RMC_SPORT_LIVE_4.png
273;FR | RMC SPORT LIVE 4 SD;rmcsport2.fr;rmcsport2.fr;original;ⓘTV ║ SPORTS FR;http://redpluslogo.net/LOGO/TV_SPORTS_FR_HD/RMC_SPORT_LIVE_4_SD.png
274;FR | RMC SPORT LIVE 5 FHD;rmcsportlive5.fr;rmcsportlive5.fr;original;ⓘTV ║ SPORTS FR;http://redpluslogo.net/LOGO/TV_SPORTS_FR_HD/RMC_SPORT_LIVE_5.png
275;FR | RMC SPORT LIVE 5 HD;rmcsportlive5.fr;rmcsportlive5.fr;original;ⓘTV ║ SPORTS FR;http://redpluslogo.net/LOGO/TV_SPORTS_FR_HD/RMC_SPORT_LIVE_5.png
276;FR | RMC SPORT LIVE 5 SD;rmcsportlive5.fr;rmcsportlive5.fr;original;ⓘTV ║ SPORTS FR;http://redpluslogo.net/LOGO/TV_SPORTS_FR_HD/RMC_SPORT_LIVE_5.png
277;FR | RMC SPORT LIVE 6 FHD;rmcsportlive6.fr;rmcsportlive6.fr;original;ⓘTV ║ SPORTS FR;http://redpluslogo.net/LOGO/TV_SPORTS_FR_HD/RMC_SPORT_LIVE_6.png
278;FR | RMC SPORT LIVE 6 SD;rmcsportlive6.fr;rmcsportlive6.fr;original;ⓘTV ║ SPORTS FR;http://redpluslogo.net/LOGO/TV_SPORTS_FR_HD/RMC_SPORT_LIVE_6.png
279;FR | RMC SPORT LIVE 7 FHD;rmcsportlive7.fr;rmcsportlive7.fr;original;ⓘTV ║ SPORTS FR;http://redpluslogo.net/LOGO/TV_SPORTS_FR_HD/RMC_SPORT_LIVE_7.png
280;FR | RMC SPORT LIVE 7 HD;rmcsportlive7.fr;rmcsportlive7.fr;original;ⓘTV ║ SPORTS FR;http://redpluslogo.net/LOGO/TV_SPORTS_FR_HD/RMC_SPORT_LIVE_7.png
281;FR | RMC SPORT LIVE 7 SD;rmcsportlive7.fr;rmcsportlive7.fr;original;ⓘTV ║ SPORTS FR;http://redpluslogo.net/LOGO/TV_SPORTS_FR_HD/RMC_SPORT_LIVE_7.png
282;FR | RMC SPORT LIVE 8 FHD;rmcsportlive8.fr;rmcsportlive8.fr;original;ⓘTV ║ SPORTS FR;http://redpluslogo.net/LOGO/TV_SPORTS_FR_HD/RMC_SPORT_LIVE_8.png
283;FR | RMC SPORT LIVE 8 HD;rmcsportlive8.fr;rmcsportlive8.fr;original;ⓘTV ║ SPORTS FR;http://redpluslogo.net/LOGO/TV_SPORTS_FR_HD/RMC_SPORT_LIVE_8.png
284;FR | RMC SPORT LIVE 8 SD;rmcsportlive8.fr;rmcsportlive8.fr;original;ⓘTV ║ SPORTS FR;http://redpluslogo.net/LOGO/TV_SPORTS_FR_HD/RMC_SPORT_LIVE_8.png
285;FR | RMC SPORT LIVE 9 FHD;rmcsportlive9.fr;rmcsportlive9.fr;original;ⓘTV ║ SPORTS FR;http://redpluslogo.net/LOGO/TV_SPORTS_FR_HD/RMC_SPORT_LIVE_9.png
286;FR | RMC SPORT LIVE 9 HD;rmcsportlive9.fr;rmcsportlive9.fr;original;ⓘTV ║ SPORTS FR;http://redpluslogo.net/LOGO/TV_SPORTS_FR_HD/RMC_SPORT_LIVE_9.png
287;FR | RMC SPORT LIVE 9 SD;rmcsportlive9.fr;rmcsportlive9.fr;original;ⓘTV ║ SPORTS FR;http://redpluslogo.net/LOGO/TV_SPORTS_FR_HD/RMC_SPORT_LIVE_9.png
288;FR | RMC SPORT LIVE 10 FHD;rmcsportlive10.fr;rmcsportlive10.fr;original;ⓘTV ║ SPORTS FR;http://redpluslogo.net/LOGO/TV_SPORTS_FR_HD/RMC_SPORT_LIVE_10.png
289;FR | RMC SPORT LIVE 10 HD;rmcsportlive10.fr;rmcsportlive10.fr;original;ⓘTV ║ SPORTS FR;http://redpluslogo.net/LOGO/TV_SPORTS_FR_HD/RMC_SPORT_LIVE_10.png
290;FR | RMC SPORT LIVE 10 SD;rmcsportlive10.fr;rmcsportlive10.fr;original;ⓘTV ║ SPORTS FR;http://redpluslogo.net/LOGO/TV_SPORTS_FR_HD/RMC_SPORT_LIVE_10.png
291;FR | RMC SPORT LIVE 11 HD;rmcsportlive11.fr;rmcsportlive11.fr;original;ⓘTV ║ SPORTS FR;http://redpluslogo.net/LOGO/TV_SPORTS_FR_HD/RMC_SPORT_LIVE_11.png
292;FR | RMC SPORT LIVE 11 SD;rmcsportlive11.fr;rmcsportlive11.fr;original;ⓘTV ║ SPORTS FR;http://redpluslogo.net/LOGO/TV_SPORTS_FR_HD/RMC_SPORT_LIVE_11.png
293;FR | RMC SPORT LIVE 11 FHD;rmcsportlive11.fr;rmcsportlive11.fr;original;ⓘTV ║ SPORTS FR;http://redpluslogo.net/LOGO/TV_SPORTS_FR_HD/RMC_SPORT_LIVE_11.png
294;FR | RMC SPORT LIVE 12 FHD;rmcsportlive12.fr;rmcsportlive12.fr;original;ⓘTV ║ SPORTS FR;http://redpluslogo.net/LOGO/TV_SPORTS_FR_HD/RMC_SPORT_LIVE_12.png
295;FR | RMC SPORT LIVE 12 HD;rmcsportlive12.fr;rmcsportlive12.fr;original;ⓘTV ║ SPORTS FR;http://redpluslogo.net/LOGO/TV_SPORTS_FR_HD/RMC_SPORT_LIVE_12.png
296;FR | RMC SPORT LIVE 12 SD;rmcsportlive12.fr;rmcsportlive12.fr;original;ⓘTV ║ SPORTS FR;http://redpluslogo.net/LOGO/TV_SPORTS_FR_HD/RMC_SPORT_LIVE_12.png
297;▼●★ --- ||FR|| SPORTS - HQ ||FR|| --- ★●▼;;;unmapped;ⓘTV ║ SPORTS FR;http://redpluslogo.net/LOGO/TV_SPORTS_FR_HD/FLAG_FRANCE.png
298;FR | EUROSPORT 1 FHD;eurosport1.fr;eurosport1.fr;original;ⓘTV ║ SPORTS FR;http://redpluslogo.net/LOGO/TV_SPORTS_FR_HD/EUROSPORT_1.png
299;FR | EUROSPORT 1 HD;eurosport1.fr;eurosport1.fr;original;ⓘTV ║ SPORTS FR;http://redpluslogo.net/LOGO/TV_SPORTS_FR_HD/EUROSPORT_1.png
300;FR | EUROSPORT 1 SD;eurosport1.fr;eurosport1.fr;original;ⓘTV ║ SPORTS FR;http://redpluslogo.net/LOGO/TV_SPORTS_FR_HD/EUROSPORT_1_SD.png
301;FR | EUROSPORT 2 FHD;eurosport2.fr;eurosport2.fr;original;ⓘTV ║ SPORTS FR;http://redpluslogo.net/LOGO/TV_SPORTS_FR_HD/EUROSPORT_2.png
302;FR | EUROSPORT 2 HD;eurosport2.fr;eurosport2.fr;original;ⓘTV ║ SPORTS FR;http://redpluslogo.net/LOGO/TV_SPORTS_FR_HD/EUROSPORT_2.png
303;FR | EUROSPORT 2 SD;eurosport2.fr;eurosport2.fr;original;ⓘTV ║ SPORTS FR;http://redpluslogo.net/LOGO/TV_SPORTS_FR_HD/EUROSPORT_2_SD.png
304;FR | EUROSPORT 360 1 HD;eurosport3601.fr;eurosport3601.fr;original;ⓘTV ║ SPORTS FR;http://redpluslogo.net/LOGO/TV_SPORTS_FR_HD/EUROSPORT_360_1.png
305;FR | EUROSPORT 360 2 HD;eurosport3602.fr;eurosport3602.fr;original;ⓘTV ║ SPORTS FR;http://redpluslogo.net/LOGO/TV_SPORTS_FR_HD/EUROSPORT_360_2.png
306;FR | EUROSPORT 360 3 HD;eurosport3603.fr;eurosport3603.fr;original;ⓘTV ║ SPORTS FR;http://redpluslogo.net/LOGO/TV_SPORTS_FR_HD/EUROSPORT_360_3.png
307;FR | EUROSPORT 360 4 HD;eurosport3604.fr;eurosport3604.fr;original;ⓘTV ║ SPORTS FR;http://redpluslogo.net/LOGO/TV_SPORTS_FR_HD/EUROSPORT_360_4.png
308;FR | EUROSPORT 360 5 HD;eurosport3605.fr;eurosport3605.fr;original;ⓘTV ║ SPORTS FR;http://redpluslogo.net/LOGO/TV_SPORTS_FR_HD/EUROSPORT_360_5.png
309;FR | EUROSPORT 360 6 HD;eurosport3606.fr;eurosport3606.fr;original;ⓘTV ║ SPORTS FR;http://redpluslogo.net/LOGO/TV_SPORTS_FR_HD/EUROSPORT_360_2.png
310;FR | EUROSPORT 360 7 HD;eurosport3607.fr;eurosport3607.fr;original;ⓘTV ║ SPORTS FR;http://redpluslogo.net/LOGO/TV_SPORTS_FR_HD/EUROSPORT_360_2.png
311;FR | EUROSPORT 360 8 HD;eurosport3608.fr;eurosport3608.fr;original;ⓘTV ║ SPORTS FR;http://redpluslogo.net/LOGO/TV_SPORTS_FR_HD/EUROSPORT_360_2.png
312;FR | GOLF+ FHD;golfplus.fr;golfplus.fr;original;ⓘTV ║ SPORTS FR;http://redpluslogo.net/LOGO/TV_SPORTS_FR_FHD/GOLF+.png
313;FR | GOLF+ HD;golfplus.fr;golfplus.fr;original;ⓘTV ║ SPORTS FR;http://redpluslogo.net/LOGO/TV_SPORTS_FR_HD/GOLF+.png
314;FR | GOLF+ SD;golfplus.fr;golfplus.fr;original;ⓘTV ║ SPORTS FR;http://redpluslogo.net/LOGO/TV_SPORTS_FR_HD/GOLF+_SD.png
315;FR | AUTOMOTO HD;automotolachaine.fr;automotolachaine.fr;original;ⓘTV ║ SPORTS FR;http://redpluslogo.net/LOGO/TV_SPORTS_FR_HD/AUTOMOTO.png
316;FR | AUTOMOTO SD;automotolachaine.fr;automotolachaine.fr;original;ⓘTV ║ SPORTS FR;http://redpluslogo.net/LOGO/TV_SPORTS_FR_HD/AUTOMOTO_SD.png
317;FR | L EQUIPE 21 FHD;lequipe21.fr;lequipe21.fr;original;ⓘTV ║ SPORTS FR;http://redpluslogo.net/LOGO/TV_SPORTS_FR_HD/LEQUIPE.png
318;FR | L EQUIPE 21 HD;lequipe21.fr;lequipe21.fr;original;ⓘTV ║ SPORTS FR;http://redpluslogo.net/LOGO/TV_SPORTS_FR_HD/LEQUIPE.png
319;FR | L EQUIPE HD;lequipe21.fr;lequipe21.fr;original;ⓘTV ║ SPORTS FR;http://redpluslogo.net/LOGO/TV_SPORTS_FR_HD/L
320;FR | EQUIDIA LIVE FHD;equidia.fr;equidia.fr;original;ⓘTV ║ SPORTS FR;http://redpluslogo.net/LOGO/TV_SPORTS_FR_HD/EQUIDIA_LIVE.png
321;FR | EQUIDIA LIVE HD;equidia.fr;equidia.fr;original;ⓘTV ║ SPORTS FR;http://redpluslogo.net/LOGO/TV_SPORTS_FR_HD/EQUIDIA_LIVE.png
322;FR | EQUIDIA LIVE SD;equidia.fr;equidia.fr;original;ⓘTV ║ SPORTS FR;http://redpluslogo.net/LOGO/TV_SPORTS_FR_HD/EQUIDIA_LIVE_SD.png
323;FR | INFOSPORT+ FHD;infosportplus.fr;infosportplus.fr;original;ⓘTV ║ SPORTS FR;http://redpluslogo.net/LOGO/TV_SPORTS_FR_HD/INFOSPORT+.png
324;FR | INFOSPORT+ HD;infosportplus.fr;infosportplus.fr;original;ⓘTV ║ SPORTS FR;http://redpluslogo.net/LOGO/TV_SPORTS_FR_HD/INFOSPORT+.png
325;FR | SPORT EN FRANCE FHD;;;unmapped;ⓘTV ║ SPORTS FR;
326;FR | SPORT EN FRANCE HD;;;unmapped;ⓘTV ║ SPORTS FR;
327;FR | OL TV HD;oltv.fr;oltv.fr;original;ⓘTV ║ SPORTS FR;http://redpluslogo.net/LOGO/TV_SPORTS_FR_HD/OL_TV.png
328;FR | ES1 HD;es1.fr;es1.fr;original;ⓘTV ║ SPORTS FR;http://redpluslogo.net/LOGO/TV_SPORTS_FR_HD/
329;FR | MOTORVISON FHD;;;unmapped;ⓘTV ║ SPORTS FR;
330;FR | MOTORVISION HD;MotorVisionTV.fr;MotorVisionTV.fr;original;ⓘTV ║ SPORTS FR;http://redpluslogo.net/LOGO/TV_SPORTS_FR_HD/MOTORSPORT_TV.png
331;FR | JOURNAL DU GOLF FHD;;;unmapped;ⓘTV ║ SPORTS FR;
332;FR | AUTO PLUS TV FHD;;;unmapped;ⓘTV ║ SPORTS FR;
333;FR | AFTER FOOT TV FHD;;;unmapped;ⓘTV ║ SPORTS FR;
334;FR | MULTISPORTS 1 HD;;;unmapped;ⓘTV ║ SPORTS FR;
335;FR | MULTISPORTS 2 HD;;;unmapped;ⓘTV ║ SPORTS FR;
336;FR | MULTISPORTS 3 HD;;;unmapped;ⓘTV ║ SPORTS FR;
337;FR | MULTISPORTS 4 HD;;;unmapped;ⓘTV ║ SPORTS FR;
338;FR | MULTISPORTS 5 HD;;;unmapped;ⓘTV ║ SPORTS FR;
339;▼●★ --- ||FR|| DAZN EVENTS ||FR|| --- ★●▼;;;unmapped;ⓘTV ║ SPORTS FR;http://redpluslogo.net/LOGO/TV_SPORTS_FR_HD/FLAG_FRANCE.png
340;FR | PPV EVENT;;;unmapped;ⓘTV ║ SPORTS FR;
341;FR | DAZN 1 FRANCE HD;dazn.fr;dazn.fr;original;ⓘTV ║ SPORTS FR;http://redpluslogo.net/LOGO/daznppvhd.png
342;FR | DAZN COMBAT;;;unmapped;ⓘTV ║ SPORTS FR;http://redpluslogo.net/LOGO/PLUTO.png
343;FR | DAZN EVENTS 1 HD (ONLY ON LIVE);DAZNLigue1M1.fr;DAZNLigue1M1.fr;original;ⓘTV ║ SPORTS FR;http://redpluslogo.net/LOGO/daznppvhd.png
344;FR | DAZN EVENTS 2 HD (ONLY ON LIVE);DAZNLigue1M2.fr;DAZNLigue1M2.fr;original;ⓘTV ║ SPORTS FR;http://redpluslogo.net/LOGO/daznppvhd.png
345;FR | DAZN EVENTS 3 HD (ONLY ON LIVE);DAZNLigue1M3.fr;DAZNLigue1M3.fr;original;ⓘTV ║ SPORTS FR;http://redpluslogo.net/LOGO/daznppvhd.png
346;FR | DAZN EVENTS 4 HD (ONLY ON LIVE);DAZNLigue1M4.fr;DAZNLigue1M4.fr;original;ⓘTV ║ SPORTS FR;http://redpluslogo.net/LOGO/daznppvhd.png
347;FR | DAZN EVENTS 5 HD (ONLY ON LIVE);DAZNLigue1M4.fr;DAZNLigue1M4.fr;original;ⓘTV ║ SPORTS FR;http://redpluslogo.net/LOGO/daznppvhd.png
348;FR | DAZN EVENTS 6 HD (ONLY ON LIVE);;;unmapped;ⓘTV ║ SPORTS FR;http://redpluslogo.net/LOGO/daznppvhd.png
349;FR | DAZN EVENTS 7 HD (ONLY ON LIVE);;;unmapped;ⓘTV ║ SPORTS FR;http://redpluslogo.net/LOGO/daznppvhd.png
350;FR | DAZN EVENTS 8 HD (ONLY ON LIVE);;;unmapped;ⓘTV ║ SPORTS FR;http://redpluslogo.net/LOGO/daznppvhd.png
351;FR | DAZN EVENTS 9 HD (ONLY ON LIVE);;;unmapped;ⓘTV ║ SPORTS FR;http://redpluslogo.net/LOGO/daznppvhd.png
352;FR | DAZN EVENTS 10 HD (ONLY ON LIVE);;;unmapped;ⓘTV ║ SPORTS FR;http://redpluslogo.net/LOGO/daznppvhd.png
353;FR | DAZN EVENTS 11 HD (ONLY ON LIVE);;;unmapped;ⓘTV ║ SPORTS FR;
354;FR | DAZN EVENTS 12 HD (ONLY ON LIVE);;;unmapped;ⓘTV ║ SPORTS FR;
